<?xml version="1.0" encoding="UTF-8" ?>
<scene>
  <material>
    <name>Bark</name>
    <data>
      <type>Lambertian</type>
      <diffuse>
        <color>209 147 124 255</color>
      </diffuse>
    </data>
  </material>

  <texture>
    <name>Noise</name>
    <data>
      <file>data/textures/noise.jpg</file>
    </data>
  </texture>
	
	<material>
		<name>FireMat</name>
		<data>
			<type>Fire</type>
			<diffuse>
				<texture>Fire</texture>
			</diffuse>
      <normal>
        <texture>Noise</texture>
      </normal>
		</data>
	</material>
	<texture>
		<name>Exit</name>
		<data>
			<file>data/textures/Exit.png</file>
		</data>
	</texture>
	
	<material>
		<name>ExitSign</name>
		<data>
			<type>Ambient</type>
			<diffuse>
				<texture>Exit</texture>
			</diffuse>
		</data>
	</material>  
  <material>
    <name>Leaves</name>
    <data>
      <type>Lambertain</type>
      <diffuse>
        <color>10 230 100 255</color>
      </diffuse>
      <shininess>50</shininess>
    </data>
  </material>
	<material>
		<name>EarthMaterial</name>
		<data>
			<type>Phong</type>
			<diffuse>
				<texture>Carpet</texture>
			</diffuse>
			<shininess>10</shininess>
		</data>
	</material>
	<material>
		<name>WallMat2</name>
		<data>
			<type>Phong</type>
			<diffuse>
				<texture>Wall2</texture>
			</diffuse>
			<shininess>2</shininess>
		</data>
	</material>
	<material>
		<name>WallMat</name>
		<data>
			<type>Phong</type>
			<diffuse>
				<color> 100 100 100 100</color>
			</diffuse>
			<shininess>50</shininess>
		</data>
	</material>	
	<material>
		<name>LampMat</name>
		<data>
			<type>Phong</type>
			<diffuse>
				<color>209 147 124 100</color>
			</diffuse>
			<shininess>50</shininess>
		</data>
	</material>	  
  	<texture>
		<name>Carpet</name>
		<data>
			<file>data/textures/carpet-texture.jpg</file>
		</data>
	</texture>
  	<texture>
		<name>Wall2</name>
		<data>
			<file>data/textures/Wall.png</file>
		</data>
	</texture>
  	<texture>
		<name>Fire</name>
		<data>
			<file>data/textures/Fire.jpg</file>
		</data>
	</texture>
	<material>
		<name>Fire</name>
		<data>
			<type>Ambient</type>
			<diffuse>
				<texture>Fire</texture>
			</diffuse>
		</data>
	</material>
	<material>
		<name>Ambient</name>
		<data>
			<type>Ambient</type>
			<diffuse>
				<color>255 255 255 255</color>
			</diffuse>
		</data>
	</material>
	<material>
		<name>AmbientRed</name>
		<data>
			<type>Ambient</type>
			<diffuse>
				<color>255 0 0 100</color>
			</diffuse>
		</data>
	</material>
	    <material>
        <name>EnvironmentLight</name>
        <data>
            <type>Environment</type>
        </data>
    </material>		
      <cubemap>
        <name>EnvMap</name>
        <data>
            <file>data/textures/Envir/NissiBeach/</file>
        </data>
    </cubemap>


	
    <mesh>
        <name>SkyBox.obj</name>
        <data>
            <file>data/meshes/skybox.obj</file>
        </data>
    </mesh>	
    
	<object>
		<name>Floor1</name>
		<data>
			<mesh>Floor1.obj</mesh>
			<material>EarthMaterial</material>
		</data>
	</object>
	<object>
		<name>Wall1L</name>
		<data>
			<mesh>Wall1L.obj</mesh>
			<material>WallMat</material>
		</data>
	</object>
	<object>
		<name>Wall1R</name>
		<data>
			<mesh>Wall1R.obj</mesh>
			<material>WallMat</material>
		</data>
	</object>		
	<object>
		<name>Floor2</name>
		<data>
			<mesh>Floor2.obj</mesh>
			<material>EarthMaterial</material>
		</data>
	</object>
	<object>
		<name>Wall2R</name>
		<data>
			<mesh>Wall2R.obj</mesh>
			<material>WallMat</material>
		</data>
	</object>
	<object>
		<name>Wall2L</name>
		<data>
			<mesh>Wall2L.obj</mesh>
			<material>WallMat</material>
		</data>
	</object>
	
	<object>
		<name>Floor3</name>
		<data>
			<mesh>Floor3.obj</mesh>
			<material>Fire</material>
		</data>
	</object>
	<object>
		<name>Wall3L1</name>
		<data>
			<mesh>Wall3L1.obj</mesh>
			<material>FireMat</material>
		</data>
	</object>
	<object>
		<name>Wall3L2</name>
		<data>
			<mesh>Wall3L2.obj</mesh>
			<material>FireMat</material>
		</data>
	</object>
	<object>
		<name>Wall3L3</name>
		<data>
			<mesh>Wall3L3.obj</mesh>
			<material>FireMat</material>
		</data>
	</object>
	<object>
		<name>Wall3R1</name>
		<data>
			<mesh>Wall3R1.obj</mesh>
			<material>FireMat</material>
		</data>
	</object>
	<object>
		<name>Wall3R2</name>
		<data>
			<mesh>Wall3R2.obj</mesh>
			<material>FireMat</material>
		</data>
	</object>		
	<object>
		<name>Floor4</name>
		<data>
			<mesh>Floor4.obj</mesh>
			<material>EarthMaterial</material>
		</data>
	</object>
		<object>
		<name>Wall4R1</name>
		<data>
			<mesh>Wall4R1.obj</mesh>
			<material>WallMat2</material>
		</data>
	</object>
	<object>
		<name>Wall4L1</name>
		<data>
			<mesh>Wall4L1.obj</mesh>
			<material>WallMat2</material>
		</data>
	</object>
		<object>
		<name>Floor5</name>
		<data>
			<mesh>Floor5.obj</mesh>
			<material>EarthMaterial</material>
		</data>
	</object>
	<object>
		<name>Wall5L1</name>
		<data>
			<mesh>Wall5L1.obj</mesh>
			<material>WallMat2</material>
		</data>
	</object>
	<object>
		<name>Wall5L2</name>
		<data>
			<mesh>Wall5L2.obj</mesh>
			<material>WallMat2</material>
		</data>
	</object>
	<object>
		<name>Wall5R1</name>
		<data>
			<mesh>Wall5R1.obj</mesh>
			<material>WallMat2</material>
		</data>
	</object>
	<object>
		<name>Wall5R2</name>
		<data>
			<mesh>Wall5R2.obj</mesh>
			<material>WallMat2</material>
		</data>
	</object>
		<object>
		<name>Floor6</name>
		<data>
			<mesh>Floor6.obj</mesh>
			<material>EarthMaterial</material>
		</data>
	</object>
	<object>
		<name>Wall6L1</name>
		<data>
			<mesh>Wall6L1.obj</mesh>
			<material>WallMat2</material>
		</data>
	</object>	
	<object>
		<name>Wall6R1</name>
		<data>
			<mesh>Wall6R1.obj</mesh>
			<material>WallMat2</material>
		</data>
	</object>
	<object>
		<name>WallEnd</name>
		<data>
			<mesh>WallEnd.obj</mesh>
			<material>WallMat</material>
		</data>
	</object>
	<object>
		<name>ExitSign</name>
		<data>
			<mesh>WallEnd.obj</mesh>
			<translation>3 4 4.9 </translation>
			<scale> 0.5 0.3 0.5</scale>
			<material>ExitSign</material>
		</data>
	</object>
	<object>
		<name>Lamp</name>
		<data>
			<mesh>Lamp.obj</mesh>
			<material>LampMat</material>
		</data>
	</object>
	<object>
		<name>LampShade</name>
		<data>
			<mesh>LampShade.obj</mesh>
			<material>Ambient</material>
			<translation>0 -0.1 0 </translation>
		</data>
	</object>
	<object>
		<name>Bench1</name>
		<data>
			<mesh>Bench1.obj</mesh>
			<material>WallMat</material>
			
		</data>
	</object>
	<object>
		<name>Bench2</name>
		<data>
			<mesh>Bench1.obj</mesh>
			<material>WallMat</material>
			<translation>8.21 0 -2.631</translation>
		</data>
	</object>
	<object>
		<name>Rocks</name>
		<data>
			<mesh>Rocks.obj</mesh>
			<material>EarthMaterial</material>
		</data>
	</object>
	<object>
		<name>AnotherBench</name>
		<data>
			<mesh>AnotherBench.obj</mesh>
			<material>LampMat</material>
		</data>
	</object>
    

  	<mesh>
		<name>Floor1.obj</name>
		<data>
			<file>data/meshes/Floor1.obj</file>		
		</data>
	</mesh>
	<mesh>
		<name>Wall1R.obj</name>
		<data>
			<file>data/meshes/Wall1R.obj</file>		
		</data>
	</mesh>
	<mesh>
		<name>Wall1L.obj</name>
		<data>
			<file>data/meshes/Wall1L.obj</file>		
		</data>
	</mesh>
	  	<mesh>
		<name>Floor2.obj</name>
		<data>
			<file>data/meshes/Floor2.obj</file>
			
		</data>
	</mesh>
	<mesh>
		<name>Wall2R.obj</name>
		<data>
			<file>data/meshes/Wall2R.obj</file>
			
		</data>
	</mesh>
	<mesh>
		<name>Wall2L.obj</name>
		<data>
			<file>data/meshes/Wall2L.obj</file>
			
		</data>
	</mesh>
	  	<mesh>
		<name>Floor3.obj</name>
		<data>
			<file>data/meshes/Floor3.obj</file>
			
		</data>
	</mesh>
	<mesh>
		<name>Wall3L1.obj</name>
		<data>
			<file>data/meshes/Wall3L1.obj</file>
			
		</data>
	</mesh>
	<mesh>
		<name>Wall3L2.obj</name>
		<data>
			<file>data/meshes/Wall3L2.obj</file>
			
		</data>
	</mesh>
	<mesh>
		<name>Wall3L3.obj</name>
		<data>
			<file>data/meshes/Wall3L3.obj</file>
			
		</data>
	</mesh>
	<mesh>
		<name>Wall3R1.obj</name>
		<data>
			<file>data/meshes/Wall3R1.obj</file>
			
		</data>
	</mesh>
	<mesh>
		<name>Wall3R2.obj</name>
		<data>
			<file>data/meshes/Wall3R2.obj</file>
			
		</data>
	</mesh>
	<mesh>
		<name>Floor4.obj</name>
		<data>
			<file>data/meshes/Floor4.obj</file>
			
		</data>
	</mesh>
	<mesh>
		<name>Wall4R1.obj</name>
		<data>
			<file>data/meshes/Wall4R1.obj</file>
			
		</data>
	</mesh>
	<mesh>
		<name>Wall4L1.obj</name>
		<data>
			<file>data/meshes/Wall4L1.obj</file>
			
		</data>
	</mesh>
	  	<mesh>
		<name>Floor5.obj</name>
		<data>
			<file>data/meshes/Floor5.obj</file>
			
		</data>
	</mesh>
	<mesh>
		<name>Wall5R1.obj</name>
		<data>
			<file>data/meshes/Wall5R1.obj</file>
			
		</data>
	</mesh>
	<mesh>
		<name>Wall5R2.obj</name>
		<data>
			<file>data/meshes/Wall5R2.obj</file>
			
		</data>
	</mesh>
	<mesh>
		<name>Wall5L1.obj</name>
		<data>
			<file>data/meshes/Wall5L1.obj</file>
			
		</data>
	</mesh>
	<mesh>
		<name>Wall5L2.obj</name>
		<data>
			<file>data/meshes/Wall5L2.obj</file>
			
		</data>
	</mesh>
  	<mesh>
		<name>Floor6.obj</name>
		<data>
			<file>data/meshes/Floor6.obj</file>
			
		</data>
	</mesh>
  	<mesh>
		<name>Wall6R1.obj</name>
		<data>
			<file>data/meshes/Wall6R1.obj</file>
		</data>
	</mesh>
  	<mesh>
		<name>Wall6L1.obj</name>
		<data>
			<file>data/meshes/Wall6L1.obj</file>
		</data>
	</mesh>
  	<mesh>
		<name>WallEnd.obj</name>
		<data>
			<file>data/meshes/WallEnd.obj</file>
		</data>
	</mesh>
  	<mesh>
		<name>Lamp.obj</name>
		<data>
			<file>data/meshes/Lamp.obj</file>
		</data>
	</mesh>
  	<mesh>
		<name>LampShade.obj</name>
		<data>
			<file>data/meshes/LampShade.obj</file>
		</data>
	</mesh>
  	<mesh>
		<name>Bench1.obj</name>
		<data>
			<file>data/meshes/bench_moved.obj</file>
		</data>
	</mesh>
  	<mesh>
		<name>AnotherBench.obj</name>
		<data>
			<file>data/meshes/AnotherBench.obj</file>
		</data>
	</mesh>		
  	<mesh>
		<name>bunny</name>
		<data>
			<file>data/meshes/bunny256.obj</file>
		</data>
	</mesh>	
  	<mesh>
		<name>Rocks.obj</name>
		<data>
			<file>data/meshes/Rocks.obj</file>
		</data>
	</mesh>		
	
	
	
	
	<object>
		<name>Lamp1</name>
		<data>
			<mesh>Sphere</mesh>
			<scale>0.1 0.1 0.1</scale>
			<translation>6 2 7</translation>

			<material>Ambient</material>
		</data>
	</object>
	<object>
		<name>Lamp2</name>
		<data>
			<mesh>Sphere</mesh>
			<scale>0.1 0.1 0.1</scale>
			<translation>-6.328 1.309 7.403</translation>

			<material>Ambient</material>
		</data>
	</object>
	<object>
		<name>Lamp3</name>
		<data>
			<mesh>Cube</mesh>
			<scale>0.1 0.1 0.5</scale>
			<translation>6 2 -7</translation>

			<material>AmbientRed</material>
		</data>
	</object>
	<object>
		<name>Lamp4</name>
		<data>
			<mesh>Sphere</mesh>
			<scale>0.1 0.1 0.1</scale>
			<translation>2.5 1 -1.5</translation>

			<material>Ambient</material>
		</data>
	</object>
	<object>
		<name>bun1</name>
		<data>
			<mesh>bunny</mesh>
			<scale>0.1 0.1 0.1</scale>
			<material>Ambient</material>
		</data>
	</object>
	<object>
		<name>bun2</name>
		<data>
			<mesh>bunny</mesh>
			<scale>0.1 0.1 0.1</scale>
			<material>Ambient</material>
		</data>
	</object>
	<object>
		<name>bun3</name>
		<data>
			<mesh>bunny</mesh>
			<scale>0.1 0.1 0.1</scale>
			<material>Ambient</material>
		</data>
	</object>
	<object>
		<name>bun4</name>
		<data>
			<mesh>bunny</mesh>
			<scale>0.1 0.1 0.1</scale>
			<material>Ambient</material>
		</data>
	</object>
	<object>
		<name>bun5</name>
		<data>
			<mesh>bunny</mesh>
			<scale>0.1 0.1 0.1</scale>
			<material>Ambient</material>
		</data>
	</object>
	<object>
		<name>Light1</name>
		<data type="SceneLight">
			<parent>Lamp1</parent>
			<intensity>0 0 0</intensity>
		</data>
	</object>
	<object>
		<name>Light2</name>
		<data type="SceneLight">
			<parent>Lamp2</parent>
			<intensity>0.1 0.1 0.1</intensity>
		</data>
	</object>
	<object>
		<name>Light3</name>
		<data type="SceneLight">
			<parent>Lamp3</parent>
			<translation>-7 0 0</translation>
			<intensity>.5 0 0</intensity>
		</data>
	</object>
	<object>
		<name>Light4</name>
		<data type="SceneLight">
			<parent>Lamp4</parent>
			<translation>0 0 0</translation>
			<intensity>.7 .7 .7</intensity>
		</data>
	</object>
	<object>
		<name>Disco1</name>
		<data type="SceneLight">
			<parent>bun1</parent>
			<translation>0 0 0</translation>
			<intensity>.7 0 .7</intensity>
		</data>
	</object>
	<object>
		<name>Disco2</name>
		<data type="SceneLight">
			<parent>bun2</parent>
			<translation>0 0 0</translation>
			<intensity>0 .7 .7</intensity>
		</data>
	</object>
	<object>
		<name>Disco3</name>
		<data type="SceneLight">
			<parent>bun3</parent>
			<translation>0 0 0</translation>
			<intensity>.7 .7 0</intensity>
		</data>
	</object>
	<object>
		<name>Disco4</name>
		<data type="SceneLight">
			<parent>bun4</parent>
			<translation>0 0 0</translation>
			<intensity>.7 .3 .3</intensity>
		</data>
	</object>
	<object>
		<name>Disco5</name>
		<data type="SceneLight">
			<parent>bun5</parent>
			<translation>0 0 0</translation>
			<intensity>.3 .7 .3</intensity>
		</data>
	</object>
	<object>
		<name>AmbientLight</name>
		<data type="SceneLight">
			<intensity>0.05 0.05 0.05</intensity>
			<isAmbient>true</isAmbient>
		</data>
	</object>    		
    <object>
        <name>Camera</name>
        <data type="SceneCamera">
            <zPlanes>0.02 1000.0</zPlanes>
            <perspective>0.01 0.01</perspective>
            <exposure>1</exposure>
            <rotation>0 90 0</rotation>
            <translation>9 0.6 7</translation>
        </data>
    </object>
</scene>
